player_name,position_abbreviation,rank,team
Drake London,WR,1,ATL
KhaDarel Hodge,WR,4,ATL
DJ Chark Jr.,WR,7,ATL
Chris Blair,WR,10,ATL
Quincy Skinner Jr.,WR,13,ATL
Darnell Mooney,WR,2,ATL
Casey Washington,WR,5,ATL
David Sills V,WR,8,ATL
Nick Nash,WR,11,ATL
Ray-Ray McCloud III,WR,3,ATL
Jamal Agnew,WR,6,ATL
Dylan Drummond,WR,9,ATL
Jesse Matthews,WR,12,ATL
Jake Matthews,LT,1,ATL
Storm Norton,LT,2,ATL
Tyrone Wheatley Jr.,LT,3,ATL
Jordan Williams,LT,4,ATL
Matthew Bergeron,LG,1,ATL
Elijah Wilkinson,LG,2,ATL
Matthew Cindric,LG,3,ATL
Ryan Neuzil,C,1,ATL
Jovaughn Gwyn,C,2,ATL
Joshua Gray,C,3,ATL
Chris Lindstrom,RG,1,ATL
Kyle Hinton,RG,2,ATL
Michael Gonzalez,RG,3,ATL
Kaleb McGary,RT,1,ATL
Brandon Parker,RT,2,ATL
Jack Nelson,RT,3,ATL
Michael Penix Jr.,QB,1,ATL
Kirk Cousins,QB,2,ATL
Easton Stick,QB,3,ATL
Emory Jones,QB,4,ATL
Kyle Pitts,TE,1,ATL
Charlie Woerner,TE,2,ATL
Teagan Quitoriano,TE,3,ATL
Feleipe Franks,TE,4,ATL
Nikola Kalinic,TE,5,ATL
Joshua Simon,TE,6,ATL
Bijan Robinson,RB,1,ATL
Tyler Allgeier,RB,2,ATL
Carlos Washington Jr.,RB,3,ATL
Nate Carter,RB,4,ATL
Elijah Dotson,RB,5,ATL
Jashaun Corbin,RB,6,ATL
Khalil Shakir,WR,1,BUF
Elijah Moore,WR,4,BUF
Laviska Shenault Jr.,WR,7,BUF
Kristian Wilkerson,WR,10,BUF
Kelly Akharaiyi,WR,13,BUF
Keon Coleman,WR,2,BUF
Curtis Samuel,WR,5,BUF
Jalen Virgil,WR,8,BUF
Kaden Prather,WR,11,BUF
Stephen Gosnell,WR,14,BUF
Joshua Palmer,WR,3,BUF
Tyrell Shavers,WR,6,BUF
KJ Hamler,WR,9,BUF
Deon Cain,WR,12,BUF
Dion Dawkins,LT,1,BUF
Ryan Van Demark,LT,2,BUF
Chase Lundt,LT,3,BUF
David Edwards,LG,1,BUF
Alec Anderson,LG,2,BUF
Mike Edwards,LG,3,BUF
Connor McGovern,C,1,BUF
Sedrick Van Pran-Granger,C,2,BUF
Jacob Bayer,C,3,BUF
Dan Feeney,C,4,BUF
O'Cyrus Torrence,RG,1,BUF
Kendrick Green,RG,2,BUF
Richard Gouraige,RG,3,BUF
Spencer Brown,RT,1,BUF
Tylan Grable,RT,2,BUF
Travis Clayton,RT,3,BUF
Josh Allen,QB,1,BUF
Mitchell Trubisky,QB,2,BUF
Mike White,QB,3,BUF
Shane Buechele,QB,4,BUF
Dalton Kincaid,TE,1,BUF
Dawson Knox,TE,2,BUF
Jackson Hawes,TE,3,BUF
Zach Davidson,TE,4,BUF
Keleki Latu,TE,5,BUF
Matt Sokol,TE,6,BUF
James Cook,RB,1,BUF
Ray Davis,RB,2,BUF
Ty Johnson,RB,3,BUF
Darrynton Evans,RB,4,BUF
Frank Gore,RB,5,BUF
Reggie Gilliam,FB,1,BUF
DJ Moore,WR,1,CHI
Olamide Zaccheaus,WR,4,CHI
Tyler Scott,WR,7,CHI
John Jackson III,WR,10,CHI
Rome Odunze,WR,2,CHI
Devin Duvernay,WR,5,CHI
Maurice Alexander,WR,8,CHI
JP Richardson,WR,11,CHI
Luther Burden III,WR,3,CHI
Miles Boykin,WR,6,CHI
Samori Toure,WR,9,CHI
Jahdae Walker,WR,12,CHI
Braxton Jones,LT,1,CHI
Ozzy Trapilo,LT,2,CHI
Joshua Miles,LT,3,CHI
Joe Thuney,LG,1,CHI
Luke Newman,LG,2,CHI
Bill Murray,LG,3,CHI
Drew Dalman,C,1,CHI
Doug Kramer Jr.,C,2,CHI
Ricky Stromberg,C,3,CHI
Jonah Jackson,RG,1,CHI
Ryan Bates,RG,2,CHI
Jordan McFadden,RG,3,CHI
Chris Glaser,RG,4,CHI
Darnell Wright,RT,1,CHI
Kiran Amegadjie,RT,2,CHI
Theo Benedet,RT,3,CHI
Caleb Williams,QB,1,CHI
Tyson Bagent,QB,2,CHI
Case Keenum,QB,3,CHI
Austin Reed,QB,4,CHI
Cole Kmet,TE,1,CHI
Colston Loveland,TE,2,CHI
Durham Smythe,TE,3,CHI
Stephen Carlson,TE,4,CHI
Joel Wilson,TE,5,CHI
Unknown,TE,6,CHI
D'Andre Swift,RB,1,CHI
Roschon Johnson,RB,2,CHI
Kyle Monangai,RB,3,CHI
Travis Homer,RB,4,CHI
Ian Wheeler,RB,5,CHI
Deion Hankins,RB,6,CHI
Ja'Marr Chase,WR,1,CIN
Jermaine Burton,WR,4,CIN
Kendric Pryor,WR,7,CIN
Rashod Owens,WR,10,CIN
Tee Higgins,WR,2,CIN
Charlie Jones,WR,5,CIN
Cole Burgess,WR,8,CIN
Jordan Moore,WR,11,CIN
Andrei Iosivas,WR,3,CIN
Isaiah Williams,WR,6,CIN
Mitchell Tinsley,WR,9,CIN
Jamoi Mayes,WR,12,CIN
Orlando Brown Jr.,LT,1,CIN
Devin Cochran,LT,2,CIN
Andrew Coker,LT,3,CIN
Dylan Fairchild,LG,1,CIN
Cordell Volson,LG,2,CIN
Jaxson Kirkland,LG,3,CIN
Ted Karras,C,1,CIN
Matt Lee,C,2,CIN
Andrew Raym,C,3,CIN
Seth McLaughlin,C,4,CIN
Lucas Patrick,RG,1,CIN
Cody Ford,RG,2,CIN
Andrew Stueber,RG,3,CIN
Amarius Mims,RT,1,CIN
Jalen Rivers,RT,2,CIN
Caleb Etienne,RT,3,CIN
Joe Burrow,QB,1,CIN
Jake Browning,QB,2,CIN
Desmond Ridder,QB,3,CIN
Payton Thorne,QB,4,CIN
Mike Gesicki,TE,1,CIN
Noah Fant,TE,2,CIN
Drew Sample,TE,3,CIN
Erick All Jr.,TE,4,CIN
Tanner Hudson,TE,5,CIN
Tanner McLachlan,TE,6,CIN
Cam Grandy,TE,7,CIN
Chase Brown,RB,1,CIN
Samaje Perine,RB,2,CIN
Tahj Brooks,RB,3,CIN
Gary Brightwell,RB,4,CIN
Kendall Milton,RB,5,CIN
Quali Conley,RB,6,CIN
Jerry Jeudy,WR,1,CLE
Diontae Johnson,WR,4,CLE
Kaden Davis,WR,7,CLE
Gage Larvadain,WR,10,CLE
Cedric Tillman,WR,2,CLE
David Bell,WR,5,CLE
Cade McDonald,WR,8,CLE
Kisean Johnson,WR,11,CLE
Jamari Thrash,WR,3,CLE
DeAndre Carter,WR,6,CLE
Luke Floriea,WR,9,CLE
Chase Cota,WR,12,CLE
Dawand Jones,LT,1,CLE
Cornelius Lucas,LT,2,CLE
Jason Ivey,LT,3,CLE
Sebastian Gutierrez,LT,4,CLE
Joel Bitonio,LG,1,CLE
Teven Jenkins,LG,2,CLE
Lorenzo Thompson,LG,3,CLE
Dartanyan Tinsley,LG,4,CLE
Ethan Pocic,C,1,CLE
Luke Wypler,C,2,CLE
Bucky Williams,C,3,CLE
Justin Osborne,C,4,CLE
Wyatt Teller,RG,1,CLE
Zak Zinter,RG,2,CLE
Javion Cohen,RG,3,CLE
Jack Conklin,RT,1,CLE
Jackson Barton,RT,2,CLE
Roy Mbaeteka,RT,3,CLE
Kilian Zierer,RT,4,CLE
Jason Ivey,RT,5,CLE
Joe Flacco,QB,1,CLE
Kenny Pickett,QB,2,CLE
Dillon Gabriel,QB,3,CLE
Shedeur Sanders,QB,4,CLE
Tyler Huntley,QB,5,CLE
Deshaun Watson,QB,6,CLE
David Njoku,TE,1,CLE
Harold Fannin Jr.,TE,2,CLE
Blake Whiteheart,TE,3,CLE
Brenden Bates,TE,4,CLE
Sal Cannella,TE,5,CLE
Mitch Van Vooren,TE,6,CLE
Jerome Ford,RB,1,CLE
Quinshon Judkins,RB,2,CLE
Dylan Sampson,RB,3,CLE
Pierre Strong Jr.,RB,4,CLE
Trayveon Williams,RB,5,CLE
Ahmani Marshall,RB,6,CLE
Unknown,RB,7,CLE
CeeDee Lamb,WR,1,DAL
KaVontae Turpin,WR,4,DAL
Jalen Moreno-Cropper,WR,7,DAL
Josh Kelly,WR,10,DAL
George Pickens,WR,2,DAL
Jonathan Mingo,WR,5,DAL
Jalen Brooks,WR,8,DAL
Jalen Tolbert,WR,3,DAL
Ryan Flournoy,WR,6,DAL
Traeshon Holden,WR,9,DAL
Tyler Guyton,LT,1,DAL
Nathan Thomas,LT,2,DAL
Asim Richards,LT,3,DAL
Geron Christian,LT,4,DAL
Tyler Smith,LG,1,DAL
T.J. Bass,LG,2,DAL
Cooper Beebe,C,1,DAL
Dakoda Shepley,C,2,DAL
Brock Hoffman,C,3,DAL
Tyler Booker,RG,1,DAL
Saahdiq Charles,RG,2,DAL
La'el Collins,RG,3,DAL
Robert Jones,RG,4,DAL
Terence Steele,RT,1,DAL
Hakeem Adeniji,RT,2,DAL
Ajani Cornelius,RT,3,DAL
La'el Collins,RT,4,DAL
Matt Waletzko,RT,5,DAL
Dak Prescott,QB,1,DAL
Joe Milton III,QB,2,DAL
Will Grier,QB,3,DAL
Jake Ferguson,TE,1,DAL
Luke Schoonmaker,TE,2,DAL
Brevyn Spann-Ford,TE,3,DAL
John Stephens Jr.,TE,4,DAL
Princeton Fant,TE,5,DAL
Rivaldo Fairweather,TE,6,DAL
Tyler Neville,TE,7,DAL
Javonte Williams,RB,1,DAL
Miles Sanders,RB,2,DAL
Jaydon Blue,RB,3,DAL
Deuce Vaughn,RB,4,DAL
Phil Mafah,RB,5,DAL
Hunter Luepke,FB,1,DAL
Courtland Sutton,WR,1,DEN
Troy Franklin,WR,4,DEN
A.T. Perry,WR,7,DEN
Courtney Jackson,WR,10,DEN
Marvin Mims Jr.,WR,2,DEN
Pat Bryant,WR,5,DEN
Michael Bandy,WR,8,DEN
Jerjuan Newton,WR,11,DEN
Devaughn Vele,WR,3,DEN
Trent Sherfield Sr.,WR,6,DEN
Joaquin Davis,WR,9,DEN
Kyrese White,WR,12,DEN
Garett Bolles,LT,1,DEN
Matt Peart,LT,2,DEN
Frank Crum,LT,3,DEN
Marques Cox,LT,4,DEN
Ben Powers,LG,1,DEN
Calvin Throckmorton,LG,2,DEN
Will Sherman,LG,3,DEN
Luke Wattenberg,C,1,DEN
Alex Forsyth,C,2,DEN
Joe Michalski,C,3,DEN
Quinn Meinerz,RG,1,DEN
Nick Gargiulo,RG,2,DEN
Clay Webb,RG,3,DEN
Mike McGlinchey,RT,1,DEN
Alex Palczewski,RT,2,DEN
Xavier Truss,RT,3,DEN
Bo Nix,QB,1,DEN
Jarrett Stidham,QB,2,DEN
Sam Ehlinger,QB,3,DEN
Evan Engram,TE,1,DEN
Adam Trautman,TE,2,DEN
Nate Adkins,TE,3,DEN
Lucas Krull,TE,4,DEN
Caleb Lohner,TE,5,DEN
Caden Prieskorn,TE,6,DEN
J.K. Dobbins,RB,1,DEN
RJ Harvey,RB,2,DEN
Jaleel McLaughlin,RB,3,DEN
Audric Estime,RB,4,DEN
Tyler Badie,RB,5,DEN
Blake Watson,RB,6,DEN
Michael Burton,FB,1,DEN
Amon-Ra St. Brown,WR,1,DET
Kalif Raymond,WR,4,DET
Tom Kennedy,WR,7,DET
Malik Taylor,WR,10,DET
Jameson Williams,WR,2,DET
Isaac TeSlaa,WR,5,DET
Ronnie Bell,WR,8,DET
Jakobie Keeney-James,WR,11,DET
Tim Patrick,WR,3,DET
Dominic Lovett,WR,6,DET
Jackson Meeks,WR,9,DET
Taylor Decker,LT,1,DET
Dan Skipper,LT,2,DET
Giovanni Manu,LT,3,DET
Justin Herron,LT,4,DET
Christian Mahogany,LG,1,DET
Netane Muti,LG,2,DET
Michael Niese,LG,3,DET
Miles Frazier,LG,4,DET
Graham Glasgow,C,1,DET
Kingsley Eguakun,C,2,DET
Trystan Colon,C,3,DET
Tate Ratledge,RG,1,DET
Kayode Awosika,RG,2,DET
Colby Sorsdal,RG,3,DET
Penei Sewell,RT,1,DET
Jamarco Jones,RT,2,DET
Mason Miller,RT,3,DET
Jared Goff,QB,1,DET
Hendon Hooker,QB,2,DET
Kyle Allen,QB,3,DET
Sam LaPorta,TE,1,DET
Brock Wright,TE,2,DET
Shane Zylstra,TE,3,DET
Kenny Yeboah,TE,4,DET
Zach Horton,TE,5,DET
Jahmyr Gibbs,RB,1,DET
David Montgomery,RB,2,DET
Craig Reynolds,RB,3,DET
Sione Vaki,RB,4,DET
Jabari Small,RB,5,DET
Jacob Saylors,RB,6,DET
Kye Robichaux,RB,7,DET
Jayden Reed,WR,1,GB
Christian Watson,WR,4,GB
Mecole Hardman,WR,7,GB
Cornelius Johnson,WR,10,GB
Sam Brown Jr.,WR,13,GB
Matthew Golden,WR,2,GB
Dontayvion Wicks,WR,5,GB
Malik Heath,WR,8,GB
Isaiah Neyor,WR,11,GB
Romeo Doubs,WR,3,GB
Savion Williams,WR,6,GB
Julian Hicks,WR,9,GB
Unknown,WR,12,GB
Rasheed Walker,LT,1,GB
Jordan Morgan,LT,2,GB
John Williams,LT,3,GB
Brant Banks,LT,4,GB
Aaron Banks,LG,1,GB
Donovan Jennings,LG,2,GB
J.J. Lippe,LG,3,GB
Elgton Jenkins,C,1,GB
Jacob Monk,C,2,GB
Trey Hill,C,3,GB
Lecitus Smith,C,4,GB
Sean Rhyan,RG,1,GB
Tyler Cooper,RG,2,GB
Travis Glover,RG,3,GB
Zach Tom,RT,1,GB
Anthony Belton,RT,2,GB
Kadeem Telfort,RT,3,GB
Jordan Love,QB,1,GB
Malik Willis,QB,2,GB
Sean Clifford,QB,3,GB
Taylor Elgersma,QB,4,GB
Tucker Kraft,TE,1,GB
Luke Musgrave,TE,2,GB
Ben Sims,TE,3,GB
John FitzPatrick,TE,4,GB
Messiah Swinson,TE,5,GB
Johnny Lumpkin,TE,6,GB
Josh Jacobs,RB,1,GB
Emanuel Wilson,RB,2,GB
MarShawn Lloyd,RB,3,GB
Chris Brooks,RB,4,GB
Amar Johnson,RB,5,GB
Jalen White,RB,6,GB
Israel Abanikanda,RB,7,GB
Calvin Ridley,WR,1,TEN
Chimere Dike,WR,4,TEN
James Proche II,WR,7,TEN
Xavier Restrepo,WR,10,TEN
Treylon Burks,WR,13,TEN
Tyler Lockett,WR,2,TEN
Elic Ayomanor,WR,5,TEN
Jha'Quan Jackson,WR,8,TEN
TJ Sheffield,WR,11,TEN
Van Jefferson,WR,3,TEN
Mason Kinsey,WR,6,TEN
Bryce Oliver,WR,9,TEN
Matt Landers,WR,12,TEN
Dan Moore Jr.,LT,1,TEN
Olisaemeka Udoh,LT,2,TEN
Arlington Hambright,LT,3,TEN
John Ojukwu,LT,4,TEN
Peter Skoronski,LG,1,TEN
Jackson Slater,LG,2,TEN
Sam Mustipher,LG,3,TEN
Chandler Brewer,LG,4,TEN
Lloyd Cushenberry III,C,1,TEN
Brenden Jaimes,C,2,TEN
Corey Levin,C,3,TEN
Kevin Zeitler,RG,1,TEN
Blake Hance,RG,2,TEN
Andrew Rupcich,RG,3,TEN
JC Latham,RT,1,TEN
Jaelyn Duncan,RT,2,TEN
Brandon Crenshaw-Dickson,RT,3,TEN
Cameron Ward,QB,1,TEN
Brandon Allen,QB,2,TEN
Tim Boyle,QB,3,TEN
Will Levis,QB,4,TEN
Chig Okonkwo,TE,1,TEN
Gunnar Helm,TE,2,TEN
Josh Whyle,TE,3,TEN
David Martin-Robinson,TE,4,TEN
Thomas Odukoya,TE,5,TEN
Drake Dabney,TE,6,TEN
Tony Pollard,RB,1,TEN
Tyjae Spears,RB,2,TEN
Julius Chestnut,RB,3,TEN
Kalel Mullings,RB,4,TEN
Jordan Mims,RB,5,TEN
Jermar Jefferson,RB,6,TEN
Michael Pittman Jr.,WR,1,IND
Adonai Mitchell,WR,4,IND
Laquon Treadwell,WR,7,IND
Ajou Ajou,WR,10,IND
Tyler Kahmann,WR,13,IND
Josh Downs,WR,2,IND
Ashton Dulin,WR,5,IND
D.J. Montgomery,WR,8,IND
Blayne Taylor,WR,11,IND
Alec Pierce,WR,3,IND
Anthony Gould,WR,6,IND
Coleman Owen,WR,9,IND
Landon Parker,WR,12,IND
Bernhard Raimann,LT,1,IND
Blake Freeland,LT,2,IND
Marshall Foerner,LT,3,IND
Quenton Nelson,LG,1,IND
Josh Sills,LG,2,IND
Mose Vavao,LG,3,IND
Tanor Bortolini,C,1,IND
Danny Pinter,C,2,IND
Wesley French,C,3,IND
Matt Goncalves,RG,1,IND
Dalton Tucker,RG,2,IND
Braden Smith,RT,1,IND
Jalen Travis,RT,2,IND
Luke Tenuta,RT,3,IND
Jack Wilson,RT,4,IND
Anthony Richardson Sr.,QB,1,IND
Daniel Jones,QB,2,IND
Riley Leonard,QB,3,IND
Jason Bean,QB,4,IND
Tyler Warren,TE,1,IND
Mo Alie-Cox,TE,2,IND
Drew Ogletree,TE,3,IND
Will Mallory,TE,4,IND
Jelani Woods,TE,5,IND
Sean McKeon,TE,6,IND
Maximilian Mang,TE,7,IND
Jonathan Taylor,RB,1,IND
DJ Giddens,RB,2,IND
Tyler Goodson,RB,3,IND
Khalil Herbert,RB,4,IND
Salvon Ahmed,RB,5,IND
Ulysses Bentley IV,RB,6,IND
Rashee Rice,WR,1,KC
JuJu Smith-Schuster,WR,4,KC
Tyquan Thornton,WR,7,KC
Mac Dalena,WR,10,KC
Key'Shawn Smith,WR,13,KC
Xavier Worthy,WR,2,KC
Jalen Royals,WR,5,KC
Nikko Remigio,WR,8,KC
Jimmy Holiday,WR,11,KC
Hal Presley,WR,14,KC
Hollywood Brown,WR,3,KC
Skyy Moore,WR,6,KC
Jason Brownlee,WR,9,KC
Elijhah Badger,WR,12,KC
Josh Simmons,LT,1,KC
Wanya Morris,LT,2,KC
Esa Pole,LT,3,KC
Kingsley Suamataia,LG,1,KC
Mike Caliendo,LG,2,KC
Dalton Cooper,LG,3,KC
Creed Humphrey,C,1,KC
Hunter Nourzad,C,2,KC
Unknown,C,3,KC
Trey Smith,RG,1,KC
C.J. Hanson,RG,2,KC
Ethan Driskell,RG,3,KC
Jawaan Taylor,RT,1,KC
Jaylon Moore,RT,2,KC
Chukwuebuka Godrick,RT,3,KC
Patrick Mahomes,QB,1,KC
Gardner Minshew,QB,2,KC
Bailey Zappe,QB,3,KC
Chris Oladokun,QB,4,KC
Travis Kelce,TE,1,KC
Noah Gray,TE,2,KC
Robert Tonyan,TE,3,KC
Jared Wiley,TE,4,KC
Jake Briningstool,TE,5,KC
Geor'Quarius Spivey,TE,6,KC
Tre Watson,TE,7,KC
Isiah Pacheco,RB,1,KC
Kareem Hunt,RB,2,KC
Elijah Mitchell,RB,3,KC
Brashard Smith,RB,4,KC
Elijah Young,RB,5,KC
Keaontay Ingram,RB,6,KC
Carson Steele,FB,1,KC
Jakobi Meyers,WR,1,LV
Jack Bech,WR,4,LV
Tommy Mellott,WR,7,LV
Shedrick Jackson,WR,10,LV
Ketron Jackson Jr.,WR,13,LV
Tre Tucker,WR,2,LV
Alex Bachman,WR,5,LV
Phillip Dorsett II,WR,8,LV
Seth Williams,WR,11,LV
Dont'e Thornton Jr.,WR,3,LV
Collin Johnson,WR,6,LV
Justin Shorter,WR,9,LV
Kawaan Baker,WR,12,LV
Kolton Miller,LT,1,LV
Charles Grant,LT,2,LV
Dalton Wagner,LT,3,LV
Dylan Parham,LG,1,LV
Caleb Rogers,LG,2,LV
Gottlieb Ayedze,LG,3,LV
Atonio Mafi,LG,4,LV
Jackson Powers-Johnson,C,1,LV
Will Putnam,C,2,LV
Jackson Powers-Johnson,RG,1,LV
Alex Cappa,RG,2,LV
Jarrod Hufford,RG,3,LV
Laki Tasi,RG,4,LV
DJ Glaze,RT,1,LV
Thayer Munford Jr.,RT,2,LV
Parker Clements,RT,3,LV
Geno Smith,QB,1,LV
Aidan O'Connell,QB,2,LV
Cam Miller,QB,3,LV
Brock Bowers,TE,1,LV
Michael Mayer,TE,2,LV
Ian Thomas,TE,3,LV
Qadir Ismail,TE,4,LV
Albert Okwuegbunam Jr.,TE,5,LV
Carter Runyon,TE,6,LV
Ashton Jeanty,RB,1,LV
Raheem Mostert,RB,2,LV
Zamir White,RB,3,LV
Sincere McCormick,RB,4,LV
Dylan Laube,RB,5,LV
Chris Collier,RB,6,LV
Puka Nacua,WR,1,LAR
Jordan Whittington,WR,4,LAR
Britain Covey,WR,7,LAR
Brennan Presley,WR,10,LAR
Davante Adams,WR,2,LAR
Konata Mumpfield,WR,5,LAR
Mario Williams,WR,8,LAR
Drake Stoops,WR,11,LAR
Tutu Atwell,WR,3,LAR
Xavier Smith,WR,6,LAR
Tru Edwards,WR,9,LAR
Alaric Jackson,LT,1,LAR
D.J. Humphries,LT,2,LAR
David Quessenberry,LT,3,LAR
Steve Avila,LG,1,LAR
Justin Dedich,LG,2,LAR
Wyatt Bowles,LG,3,LAR
Coleman Shelton,C,1,LAR
Beaux Limmer,C,2,LAR
Willie Lampkin,C,3,LAR
Kevin Dotson,RG,1,LAR
Dylan McMahon,RG,2,LAR
KT Leveston,RG,3,LAR
Ben Dooley,RG,4,LAR
Rob Havenstein,RT,1,LAR
Warren McClendon Jr.,RT,2,LAR
AJ Arcuri,RT,3,LAR
Trey Wedig,RT,4,LAR
Matthew Stafford,QB,1,LAR
Jimmy Garoppolo,QB,2,LAR
Stetson Bennett,QB,3,LAR
Dresser Winn,QB,4,LAR
Tyler Higbee,TE,1,LAR
Terrance Ferguson,TE,2,LAR
Colby Parkinson,TE,3,LAR
Davis Allen,TE,4,LAR
Anthony Torres,TE,5,LAR
Mark Redman,TE,6,LAR
Kyren Williams,RB,1,LAR
Blake Corum,RB,2,LAR
Jarquez Hunter,RB,3,LAR
Ronnie Rivers,RB,4,LAR
Cody Schrader,RB,5,LAR
Jordan Waters,RB,6,LAR
Tyreek Hill,WR,1,MIA
Malik Washington,WR,4,MIA
Tahj Washington,WR,7,MIA
Andrew Armstrong,WR,10,MIA
Jaylen Waddle,WR,2,MIA
Dee Eskridge,WR,5,MIA
Tarik Black,WR,8,MIA
Monaray Baldwin,WR,11,MIA
Nick Westbrook-Ikhine,WR,3,MIA
Erik Ezukanma,WR,6,MIA
Theo Wease Jr.,WR,9,MIA
A.J. Henning,WR,12,MIA
Patrick Paul,LT,1,MIA
Larry Borom,LT,2,MIA
Jalen McKenzie,LT,3,MIA
Germain Ifedi,LT,4,MIA
Obinna Eze,LT,5,MIA
Jonah Savaiinaea,LG,1,MIA
Liam Eichenberg,LG,2,MIA
Jackson Carman,LG,3,MIA
Josh Priebe,LG,4,MIA
Aaron Brewer,C,1,MIA
Andrew Meyer,C,2,MIA
Addison West,C,3,MIA
Daniel Brunskill,C,4,MIA
James Daniels,RG,1,MIA
Daniel Brunskill,RG,2,MIA
Braeden Daniels,RG,3,MIA
Austin Jackson,RT,1,MIA
Kion Smith,RT,2,MIA
Ryan Hayes,RT,3,MIA
Bayron Matos,RT,4,MIA
Tua Tagovailoa,QB,1,MIA
Zach Wilson,QB,2,MIA
Quinn Ewers,QB,3,MIA
Darren Waller,TE,1,MIA
Julian Hill,TE,2,MIA
Pharaoh Brown,TE,3,MIA
Tanner Conner,TE,4,MIA
Hayden Rucci,TE,5,MIA
Jalin Conyers,TE,6,MIA
De'Von Achane,RB,1,MIA
Jaylen Wright,RB,2,MIA
Alexander Mattison,RB,3,MIA
Ollie Gordon II,RB,4,MIA
Alec Ingold,FB,1,MIA
Chris Myarick,FB,2,MIA
Justin Jefferson,WR,1,MIN
Lucky Jackson,WR,4,MIN
Rondale Moore,WR,7,MIN
Thayer Thomas,WR,10,MIN
Silas Bolden,WR,13,MIN
Jordan Addison,WR,2,MIN
Tai Felton,WR,5,MIN
Myles Price,WR,8,MIN
Tim Jones,WR,11,MIN
Jalen Nailor,WR,3,MIN
Jeshaun Jones,WR,6,MIN
Dontae Fleming,WR,9,MIN
Robert Lewis,WR,12,MIN
Christian Darrisaw,LT,1,MIN
Justin Skule,LT,2,MIN
Logan Brown,LT,3,MIN
Unknown,LT,4,MIN
Donovan Jackson,LG,1,MIN
Blake Brandel,LG,2,MIN
Joe Huber,LG,3,MIN
Ryan Kelly,C,1,MIN
Michael Jurgens,C,2,MIN
Zeke Correll,C,3,MIN
Will Fries,RG,1,MIN
Henry Byrd,RG,2,MIN
Brian O'Neill,RT,1,MIN
Walter Rouse,RT,2,MIN
Matt Nelson,RT,3,MIN
Leroy Watson IV,RT,4,MIN
J.J. McCarthy,QB,1,MIN
Sam Howell,QB,2,MIN
Brett Rypien,QB,3,MIN
Max Brosmer,QB,4,MIN
T.J. Hockenson,TE,1,MIN
Josh Oliver,TE,2,MIN
Gavin Bartholomew,TE,3,MIN
Bryson Nesbit,TE,5,MIN
Giovanni Ricci,TE,6,MIN
Nick Vannett,TE,7,MIN
Aaron Jones Sr.,RB,1,MIN
Jordan Mason,RB,2,MIN
Ty Chandler,RB,3,MIN
Zavier Scott,RB,4,MIN
Tre Stewart,RB,5,MIN
C.J. Ham,FB,1,MIN
Stefon Diggs,WR,1,NE
Kayshon Boutte,WR,4,NE
Ja'Lynn Polk,WR,7,NE
John Jiles,WR,10,NE
DeMario Douglas,WR,2,NE
Mack Hollins,WR,5,NE
Javon Baker,WR,8,NE
Jeremiah Webb,WR,11,NE
Kyle Williams,WR,3,NE
Kendrick Bourne,WR,6,NE
Efton Chism III,WR,9,NE
Will Campbell,LT,1,NE
Vederian Lowe,LT,2,NE
Caedan Wallace,LT,3,NE
Cole Strange,LG,1,NE
Layden Robinson,LG,2,NE
Tyrese Robinson,LG,3,NE
Garrett Bradbury,C,1,NE
Ben Brown,C,2,NE
Jared Wilson,C,3,NE
Alec Lindstrom,C,4,NE
Mike Onwenu,RG,1,NE
Sidy Sow,RG,2,NE
Jack Conley,RG,3,NE
Mehki Butler,RG,4,NE
Yasir Durant,RG,5,NE
Morgan Moses,RT,1,NE
Demontrey Jacobs,RT,2,NE
Marcus Bryant,RT,3,NE
Drake Maye,QB,1,NE
Joshua Dobbs,QB,2,NE
Ben Wooldridge,QB,3,NE
Hunter Henry,TE,1,NE
Austin Hooper,TE,2,NE
Jaheim Bell,TE,3,NE
Jack Westover,TE,4,NE
Gee Scott Jr.,TE,5,NE
CJ Dippre,TE,6,NE
Cole Fotheringham,TE,7,NE
Rhamondre Stevenson,RB,1,NE
TreVeyon Henderson,RB,2,NE
Antonio Gibson,RB,3,NE
Terrell Jennings,RB,4,NE
Lan Larison,RB,5,NE
JaMycal Hasty,RB,6,NE
Brock Lampe,FB,1,NE
Chris Olave,WR,1,NO
Bub Means,WR,4,NO
Kevin Austin Jr.,WR,7,NO
Moochie Dixon,WR,10,NO
Rashid Shaheed,WR,2,NO
Cedrick Wilson Jr.,WR,5,NO
Dante Pettis,WR,8,NO
Chris Tyree,WR,11,NO
Brandin Cooks,WR,3,NO
Mason Tipton,WR,6,NO
Donovan Peoples-Jones,WR,9,NO
Kelvin Banks Jr.,LT,1,NO
Landon Young,LT,2,NO
Barry Wesley,LT,3,NO
Trevor Penning,LG,1,NO
Dillon Radunz,LG,2,NO
Torricelli Simpkins III,LG,3,NO
Nick Saldiveri,LG,4,NO
Erik McCoy,C,1,NO
Will Clapp,C,2,NO
Kyle Hergel,C,3,NO
Cesar Ruiz,RG,1,NO
Shane Lemieux,RG,2,NO
Easton Kilty,RG,3,NO
Taliese Fuaga,RT,1,NO
Josiah Ezirim,RT,2,NO
Unknown,RT,3,NO
Spencer Rattler,QB,1,NO
Tyler Shough,QB,2,NO
Jake Haener,QB,3,NO
Hunter Dekkers,QB,4,NO
Juwan Johnson,TE,1,NO
Taysom Hill,TE,2,NO
Foster Moreau,TE,3,NO
Jack Stoll,TE,4,NO
Michael Jacobson,TE,5,NO
Treyton Welch,TE,6,NO
Mason Pline,TE,7,NO
Moliki Matavao,TE,8,NO
Alvin Kamara,RB,1,NO
Kendre Miller,RB,2,NO
Devin Neal,RB,3,NO
Cam Akers,RB,4,NO
Clyde Edwards-Helaire,RB,5,NO
Velus Jones Jr.,RB,6,NO
Marcus Yarns,RB,7,NO
Malik Nabers,WR,1,NYG
Jalin Hyatt,WR,4,NYG
Zach Pascal,WR,7,NYG
Da'Quan Felton,WR,10,NYG
Gunner Olszewski,WR,13,NYG
Wan'Dale Robinson,WR,2,NYG
Lil'Jordan Humphrey,WR,5,NYG
Montrell Washington,WR,8,NYG
Antwane Wells Jr.,WR,11,NYG
Jordan Bly,WR,14,NYG
Darius Slayton,WR,3,NYG
Ihmir Smith-Marsette,WR,6,NYG
Beaux Collins,WR,9,NYG
Dalen Cambre,WR,12,NYG
Bryce Ford-Wheaton,WR,15,NYG
Andrew Thomas,LT,1,NYG
James Hudson III,LT,2,NYG
Joshua Ezeudu,LT,3,NYG
Jon Runyan,LG,1,NYG
Aaron Stinnie,LG,2,NYG
James Hudson III,LG,3,NYG
John Michael Schmitz Jr.,C,1,NYG
Austin Schlottmann,C,2,NYG
Jimmy Morrissey,C,3,NYG
Greg Van Roten,RG,1,NYG
Evan Neal,RG,2,NYG
Jake Kubas,RG,3,NYG
Jaison Williams,RG,4,NYG
Jermaine Eluemunor,RT,1,NYG
Marcus Mbow,RT,2,NYG
Stone Forsythe,RT,3,NYG
Russell Wilson,QB,1,NYG
Jameis Winston,QB,2,NYG
Jaxson Dart,QB,3,NYG
Tommy DeVito,QB,4,NYG
Theo Johnson,TE,1,NYG
Daniel Bellinger,TE,2,NYG
Chris Manhertz,TE,3,NYG
Greg Dulcich,TE,4,NYG
Thomas Fidone II,TE,5,NYG
Jermaine Terry II,TE,6,NYG
Tyrone Tracy Jr.,RB,1,NYG
Devin Singletary,RB,2,NYG
Cam Skattebo,RB,3,NYG
Eric Gray,RB,4,NYG
Dante Miller,RB,5,NYG
Jonathan Ward,RB,6,NYG
Rushawn Baker,RB,7,NYG
Garrett Wilson,WR,1,NYJ
Tyler Johnson,WR,4,NYJ
Xavier Gipson,WR,7,NYJ
Brandon Smith,WR,10,NYJ
Quentin Skinner,WR,13,NYJ
Josh Reynolds,WR,2,NYJ
Arian Smith,WR,5,NYJ
Jamaal Pritchett,WR,8,NYJ
Pokey Wilson,WR,11,NYJ
Allen Lazard,WR,3,NYJ
Malachi Corley,WR,6,NYJ
Irvin Charles,WR,9,NYJ
Dymere Miller,WR,12,NYJ
Olu Fashanu,LT,1,NYJ
Max Mitchell,LT,2,NYJ
Carter Warren,LT,3,NYJ
John Simpson,LG,1,NYJ
Kohl Levao,LG,2,NYJ
Leander Wiegand,LG,3,NYJ
Samuel Jackson,LG,4,NYJ
Xavier Newman,LG,5,NYJ
Joe Tippmann,C,1,NYJ
Josh Myers,C,2,NYJ
Liam Fornadel,C,3,NYJ
Gus Hartwig,C,4,NYJ
Alijah Vera-Tucker,RG,1,NYJ
Xavier Newman,RG,2,NYJ
Marquis Hayes,RG,3,NYJ
Armand Membou,RT,1,NYJ
Chukwuma Okorafor,RT,2,NYJ
Justin Fields,QB,1,NYJ
Tyrod Taylor,QB,2,NYJ
Adrian Martinez,QB,3,NYJ
Brady Cook,QB,4,NYJ
Mason Taylor,TE,1,NYJ
Jeremy Ruckert,TE,2,NYJ
Stone Smartt,TE,3,NYJ
Zack Kuntz,TE,4,NYJ
Neal Johnson,TE,5,NYJ
Breece Hall,RB,1,NYJ
Braelon Allen,RB,2,NYJ
Isaiah Davis,RB,3,NYJ
Kene Nwangwu,RB,4,NYJ
Donovan Edwards,RB,5,NYJ
Unknown,RB,6,NYJ
Andrew Beck,FB,1,NYJ
A.J. Brown,WR,1,PHI
Johnny Wilson,WR,4,PHI
Elijah Cooks,WR,7,PHI
Taylor Morin,WR,10,PHI
DeVonta Smith,WR,2,PHI
Terrace Marshall Jr.,WR,5,PHI
Avery Williams,WR,8,PHI
Ife Adeyi,WR,11,PHI
Jahan Dotson,WR,3,PHI
Ainias Smith,WR,6,PHI
Giles Jackson,WR,9,PHI
Darius Cooper,WR,12,PHI
Jordan Mailata,LT,1,PHI
Kendall Lamm,LT,2,PHI
Myles Hinton,LT,3,PHI
Hollin Pierce,LT,4,PHI
Landon Dickerson,LG,1,PHI
Kenyon Green,LG,2,PHI
Cam Jurgens,C,1,PHI
Brett Toth,C,2,PHI
Drew Kendall,C,3,PHI
Tyler Steen,RG,1,PHI
Matt Pryor,RG,2,PHI
Trevor Keegan,RG,3,PHI
Lane Johnson,RT,1,PHI
Darian Kinnard,RT,2,PHI
Cameron Williams,RT,3,PHI
Laekin Vakalahi,RT,4,PHI
Jalen Hurts,QB,1,PHI
Tanner McKee,QB,2,PHI
Dorian Thompson-Robinson,QB,3,PHI
Kyle McCord,QB,4,PHI
Dallas Goedert,TE,1,PHI
Grant Calcaterra,TE,2,PHI
Kylen Granson,TE,3,PHI
Harrison Bryant,TE,4,PHI
E.J. Jenkins,TE,5,PHI
Nick Muse,TE,6,PHI
Cameron Latu,TE,7,PHI
Saquon Barkley,RB,1,PHI
Will Shipley,RB,2,PHI
AJ Dillon,RB,3,PHI
Montrell Johnson Jr.,RB,4,PHI
Keilan Robinson,RB,5,PHI
ShunDerrick Powell,RB,6,PHI
Ben VanSumeren,FB,1,PHI
Marvin Harrison Jr.,WR,1,ARI
Greg Dortch,WR,4,ARI
Andre Baccellia,WR,7,ARI
Bryson Green,WR,10,ARI
Michael Wilson,WR,2,ARI
Simi Fehoko,WR,5,ARI
Tejhaun Palmer,WR,8,ARI
Nate McCollum,WR,11,ARI
Zay Jones,WR,3,ARI
Xavier Weaver,WR,6,ARI
Trishton Jackson,WR,9,ARI
Quez Watkins,WR,12,ARI
Paris Johnson Jr.,LT,1,ARI
Kelvin Beachum,LT,2,ARI
Jake Curhan,LT,3,ARI
Valentin Senn,LT,4,ARI
Evan Brown,LG,1,ARI
Hayden Conner,LG,2,ARI
Nick Leverett,LG,3,ARI
McClendon Curtis,LG,4,ARI
Hjalte Froholdt,C,1,ARI
Jon Gaines II,C,2,ARI
Sincere Haynesworth,C,3,ARI
Isaiah Adams,RG,1,ARI
Royce Newman,RG,2,ARI
Jeremiah Byers,RG,3,ARI
Jonah Williams,RT,1,ARI
Christian Jones,RT,2,ARI
Josh Fryar,RT,3,ARI
Kyler Murray,QB,1,ARI
Jacoby Brissett,QB,2,ARI
Clayton Tune,QB,3,ARI
Trey McBride,TE,1,ARI
Elijah Higgins,TE,2,ARI
Tip Reiman,TE,3,ARI
Travis Vokolek,TE,4,ARI
Josiah Deguara,TE,5,ARI
Oscar Cardenas,TE,6,ARI
James Conner,RB,1,ARI
Trey Benson,RB,2,ARI
Emari Demercado,RB,3,ARI
DeeJay Dallas,RB,4,ARI
Michael Carter,RB,5,ARI
Zonovan Knight,RB,6,ARI
DK Metcalf,WR,1,PIT
Scotty Miller,WR,4,PIT
Brandon Johnson,WR,7,PIT
Ke'Shawn Williams,WR,10,PIT
Calvin Austin III,WR,2,PIT
Roman Wilson,WR,5,PIT
Roc Taylor,WR,8,PIT
Max Hurleman,WR,11,PIT
Robert Woods,WR,3,PIT
Ben Skowronek,WR,6,PIT
Lance McCutcheon,WR,9,PIT
Broderick Jones,LT,1,PIT
Calvin Anderson,LT,2,PIT
Steven Jones,LT,3,PIT
Isaac Seumalo,LG,1,PIT
Spencer Anderson,LG,2,PIT
Zach Frazier,C,1,PIT
Ryan McCollum,C,2,PIT
Mason McCormick,RG,1,PIT
Max Scharping,RG,2,PIT
Nick Broeker,RG,3,PIT
Aiden Williams,RG,4,PIT
Troy Fautanu,RT,1,PIT
Dylan Cook,RT,2,PIT
Doug Nester,RT,3,PIT
Gareth Warren,RT,4,PIT
Aaron Rodgers,QB,1,PIT
Mason Rudolph,QB,2,PIT
Will Howard,QB,3,PIT
Skylar Thompson,QB,4,PIT
Pat Freiermuth,TE,1,PIT
Jonnu Smith,TE,2,PIT
Darnell Washington,TE,3,PIT
Connor Heyward,TE,4,PIT
JJ Galbreath,TE,5,PIT
Donald Parham Jr.,TE,6,PIT
Jaylen Warren,RB,1,PIT
Kaleb Johnson,RB,2,PIT
Kenneth Gainwell,RB,3,PIT
Trey Sermon,RB,4,PIT
Evan Hull,RB,5,PIT
Lew Nichols,RB,6,PIT
Connor Heyward,FB,1,PIT
DJ Thomas-Jones,FB,2,PIT
Ladd McConkey,WR,1,LAC
Tre Harris,WR,4,LAC
KeAndre Lambert-Smith,WR,7,LAC
Jaylen Johnson,WR,10,LAC
Dalevon Campbell,WR,13,LAC
Quentin Johnston,WR,2,LAC
Derius Davis,WR,5,LAC
Dez Fitzpatrick,WR,8,LAC
JaQuae Jackson,WR,11,LAC
Keenan Allen,WR,3,LAC
Jalen Reagor,WR,6,LAC
Brenden Rice,WR,9,LAC
Luke Grimm,WR,12,LAC
Rashawn Slater,LT,1,LAC
Unknown,LT,2,LAC
Bradley Bozeman,LG,1,LAC
Branson Taylor,LG,2,LAC
Nash Jones,LG,3,LAC
Zion Johnson,C,1,LAC
Andre James,C,2,LAC
Josh Kaltenberger,C,3,LAC
Mekhi Becton,RG,1,LAC
Jamaree Salyer,RG,2,LAC
Karsen Barnhart,RG,3,LAC
Joe Alt,RT,1,LAC
Trey Pipkins III,RT,2,LAC
Corey Stewart,RT,3,LAC
Savion Washington,RT,4,LAC
Justin Herbert,QB,1,LAC
Taylor Heinicke,QB,2,LAC
Trey Lance,QB,3,LAC
DJ Uiagalelei,QB,4,LAC
Will Dissly,TE,1,LAC
Tyler Conklin,TE,2,LAC
Oronde Gadsden II,TE,3,LAC
Tucker Fisk,TE,4,LAC
Jordan Petaia,TE,5,LAC
Stevo Klotz,TE,6,LAC
Najee Harris,RB,1,LAC
Omarion Hampton,RB,2,LAC
Kimani Vidal,RB,3,LAC
Hassan Haskins,RB,4,LAC
Jaret Patterson,RB,5,LAC
Nyheim Hines,RB,6,LAC
Raheim Sanders,RB,7,LAC
Scott Matlock,FB,1,LAC
Brandon Aiyuk,WR,1,SF
Demarcus Robinson,WR,4,SF
Russell Gage,WR,7,SF
Isaiah Hodgins,WR,10,SF
Trent Taylor,WR,13,SF
Jauan Jennings,WR,2,SF
Jacob Cowing,WR,5,SF
Junior Bergen,WR,8,SF
Equanimeous St. Brown,WR,11,SF
Ricky Pearsall,WR,3,SF
Jordan Watkins,WR,6,SF
Terique Owens,WR,9,SF
Robbie Chosen,WR,12,SF
Trent Williams,LT,1,SF
Spencer Burford,LT,2,SF
Andre Dillard,LT,3,SF
Isaiah Prince,LT,4,SF
Ben Bartch,LG,1,SF
Nick Zakelj,LG,2,SF
Connor Colby,LG,3,SF
Jake Brendel,C,1,SF
Matt Hennessy,C,2,SF
Drake Nugent,C,3,SF
Dominick Puni,RG,1,SF
Zack Johnson,RG,2,SF
Drew Moss,RG,3,SF
Colton McKivitz,RT,1,SF
Austen Pleasants,RT,2,SF
Isaac Alarcon,RT,3,SF
Brock Purdy,QB,1,SF
Mac Jones,QB,2,SF
Kurtis Rourke,QB,3,SF
Carter Bradley,QB,4,SF
George Kittle,TE,1,SF
Luke Farrell,TE,2,SF
Jake Tonges,TE,3,SF
Ross Dwelley,TE,4,SF
Brayden Willis,TE,5,SF
Christian McCaffrey,RB,1,SF
Isaac Guerendo,RB,2,SF
Jordan James,RB,3,SF
Patrick Taylor Jr.,RB,4,SF
Ameer Abdullah,RB,5,SF
Corey Kiner,RB,6,SF
Kyle Juszczyk,FB,1,SF
Jaxon Smith-Njigba,WR,1,SEA
Marquez Valdes-Scantling,WR,4,SEA
Cody White,WR,7,SEA
John Rhys Plumlee,WR,10,SEA
Cooper Kupp,WR,2,SEA
Jake Bobo,WR,5,SEA
Dareke Young,WR,8,SEA
Tyrone Broden,WR,11,SEA
Tory Horton,WR,3,SEA
Ricky White III,WR,6,SEA
Steven Sims,WR,9,SEA
Charles Cross,LT,1,SEA
Michael Jerrell,LT,2,SEA
Amari Kight,LT,3,SEA
Grey Zabel,LG,1,SEA
Sataoa Laumea,LG,2,SEA
Bryce Cabeldue,LG,3,SEA
Olu Oluwatimi,C,1,SEA
Jalen Sundell,C,2,SEA
Federico Maranges,C,3,SEA
Anthony Bradford,RG,1,SEA
Christian Haynes,RG,2,SEA
Jalen Sundell,RG,3,SEA
Mason Richman,RG,4,SEA
Abraham Lucas,RT,1,SEA
Josh Jones,RT,2,SEA
Unknown,RT,3,SEA
Sam Darnold,QB,1,SEA
Jalen Milroe,QB,2,SEA
Drew Lock,QB,3,SEA
AJ Barner,TE,1,SEA
Elijah Arroyo,TE,2,SEA
Eric Saubert,TE,3,SEA
Nick Kallerup,TE,4,SEA
Marshall Lang,TE,5,SEA
Kenneth Walker III,RB,1,SEA
Zach Charbonnet,RB,2,SEA
Damien Martinez,RB,3,SEA
George Holani,RB,4,SEA
Jacardia Wright,RB,5,SEA
Anthony Tyus III,RB,6,SEA
Kenny McIntosh,RB,7,SEA
Robbie Ouzts,FB,1,SEA
Brady Russell,FB,2,SEA
Mike Evans,WR,1,TB
Jalen McMillan,WR,4,TB
Sterling Shepard,WR,7,TB
Jacob Harris,WR,10,TB
Garrett Greene,WR,13,TB
Chris Godwin,WR,2,TB
Trey Palmer,WR,5,TB
Rakim Jarrett,WR,8,TB
Kameron Johnson,WR,11,TB
Unknown,WR,14,TB
Emeka Egbuka,WR,3,TB
Tez Johnson,WR,6,TB
Dennis Houston,WR,9,TB
Ryan Miller,WR,12,TB
Tristan Wirfs,LT,1,TB
Charlie Heck,LT,2,TB
Ben Chukwuma,LT,3,TB
Lorenz Metz,LT,4,TB
Ben Bredeson,LG,1,TB
Elijah Klein,LG,2,TB
Ben Scott,LG,3,TB
Graham Barton,C,1,TB
Jake Majors,C,2,TB
Sua Opeta,C,3,TB
Cody Mauch,RG,1,TB
Raiqwon O'Neal,RG,2,TB
Luke Haggard,RG,3,TB
Luke Goedeke,RT,1,TB
Michael Jordan,RT,2,TB
Tyler McLellan,RT,3,TB
Baker Mayfield,QB,1,TB
Kyle Trask,QB,2,TB
Teddy Bridgewater,QB,3,TB
Michael Pratt,QB,4,TB
Connor Bazelak,QB,5,TB
Cade Otton,TE,1,TB
Payne Durham,TE,2,TB
Ko Kieft,TE,3,TB
Devin Culp,TE,4,TB
Tanner Taula,TE,5,TB
Bucky Irving,RB,1,TB
Rachaad White,RB,2,TB
Sean Tucker,RB,3,TB
Josh Williams,RB,4,TB
Owen Wright,RB,5,TB
Terry McLaurin,WR,1,WSH
Luke McCaffrey,WR,4,WSH
Jaylin Lane,WR,7,WSH
Mike Strachan,WR,10,WSH
Tay Martin,WR,13,WSH
Deebo Samuel Sr.,WR,2,WSH
K.J. Osborn,WR,5,WSH
Jacoby Jones,WR,8,WSH
Ja'Corey Brooks,WR,11,WSH
Noah Brown,WR,3,WSH
Michael Gallup,WR,6,WSH
Chris Moore,WR,9,WSH
Braylon Sanders,WR,12,WSH
Laremy Tunsil,LT,1,WSH
Foster Sarell,LT,2,WSH
Tyre Phillips,LT,3,WSH
Lucas Niang,LT,4,WSH
Brandon Coleman,LG,1,WSH
Chris Paul,LG,2,WSH
Julian Good-Jones,LG,3,WSH
Tyler Biadasz,C,1,WSH
Michael Deiter,C,2,WSH
Sam Cosmi,RG,1,WSH
Nick Allegretti,RG,2,WSH
Timothy McKay,RG,3,WSH
Andrew Wylie,RT,1,WSH
Josh Conerly Jr.,RT,2,WSH
Trent Scott,RT,3,WSH
Bobby Hart,RT,4,WSH
Jayden Daniels,QB,1,WSH
Marcus Mariota,QB,2,WSH
Josh Johnson,QB,3,WSH
Sam Hartman,QB,4,WSH
Zach Ertz,TE,1,WSH
John Bates,TE,2,WSH
Ben Sinnott,TE,3,WSH
Colson Yankoff,TE,4,WSH
Lawrence Cager,TE,5,WSH
Cole Turner,TE,6,WSH
Tyree Jackson,TE,7,WSH
Brian Robinson Jr.,RB,1,WSH
Austin Ekeler,RB,2,WSH
Jeremy McNichols,RB,3,WSH
Chris Rodriguez Jr.,RB,4,WSH
Jacory Croskey-Merritt,RB,5,WSH
Kazmeir Allen,RB,6,WSH
Demetric Felton,RB,7,WSH
Tetairoa McMillan,WR,1,CAR
Jalen Coker,WR,4,CAR
Jimmy Horn Jr.,WR,7,CAR
Kobe Hudson,WR,10,CAR
Adam Thielen,WR,2,CAR
Hunter Renfrow,WR,5,CAR
Brycen Tremayne,WR,8,CAR
Ja'seem Reed,WR,11,CAR
Xavier Legette,WR,3,CAR
David Moore,WR,6,CAR
Jacolby George,WR,9,CAR
T.J. Luther,WR,12,CAR
Ikem Ekwonu,LT,1,CAR
Brady Christensen,LT,2,CAR
Michael Tarquin,LT,3,CAR
Damien Lewis,LG,1,CAR
Chandler Zavala,LG,2,CAR
Brandon Walton,LG,3,CAR
Austin Corbett,C,1,CAR
Cade Mays,C,2,CAR
Luke Kandra,C,3,CAR
Steven Losoya,C,4,CAR
Robert Hunt,RG,1,CAR
Ja'Tyre Carter,RG,2,CAR
Jarrett Kingston,RG,3,CAR
Taylor Moton,RT,1,CAR
Yosh Nijman,RT,2,CAR
Bryce Young,QB,1,CAR
Andy Dalton,QB,2,CAR
Jack Plummer,QB,3,CAR
Tommy Tremble,TE,1,CAR
Ja'Tavion Sanders,TE,2,CAR
Mitchell Evans,TE,3,CAR
James Mitchell,TE,4,CAR
Bryce Pierre,TE,5,CAR
Tyler Mabry,TE,6,CAR
Dominique Dafney,TE,7,CAR
Chuba Hubbard,RB,1,CAR
Rico Dowdle,RB,2,CAR
Trevor Etienne,RB,3,CAR
Raheem Blackshear,RB,4,CAR
Emani Bailey,RB,5,CAR
Kay'Ron Lynch-Adams,RB,6,CAR
Jonathon Brooks,RB,7,CAR
Brian Thomas Jr.,WR,1,JAX
Parker Washington,WR,4,JAX
Austin Trammell,WR,7,JAX
Cameron Camper,WR,10,JAX
Travis Hunter,WR,2,JAX
Joshua Cephus,WR,5,JAX
Dorian Singer,WR,8,JAX
Chandler Brayboy,WR,11,JAX
Dyami Brown,WR,3,JAX
Trenton Irwin,WR,6,JAX
Eli Pancol,WR,9,JAX
Darius Lassiter,WR,12,JAX
Walker Little,LT,1,JAX
Fred Johnson,LT,2,JAX
Ezra Cleveland,LG,1,JAX
Wyatt Milum,LG,2,JAX
Javon Foster,LG,3,JAX
Cooper Hodges,LG,4,JAX
Robert Hainsey,C,1,JAX
Luke Fortner,C,2,JAX
Jonah Monheim,C,3,JAX
Patrick Mekari,RG,1,JAX
Chuma Edoga,RG,2,JAX
Tremayne Anchrum Jr.,RG,3,JAX
Sal Wormley,RG,4,JAX
Anton Harrison,RT,1,JAX
Cole Van Lanen,RT,2,JAX
Trevor Lawrence,QB,1,JAX
Nick Mullens,QB,2,JAX
John Wolford,QB,3,JAX
Seth Henigan,QB,4,JAX
Brenton Strange,TE,1,JAX
Johnny Mundt,TE,2,JAX
Hunter Long,TE,3,JAX
Quintin Morris,TE,4,JAX
Patrick Herbert,TE,5,JAX
Shawn Bowman,TE,6,JAX
John Copenhaver,TE,7,JAX
Travis Etienne Jr.,RB,1,JAX
Tank Bigsby,RB,2,JAX
Bhayshul Tuten,RB,3,JAX
LeQuint Allen Jr.,RB,4,JAX
Ja'Quinden Jackson,RB,5,JAX
Zay Flowers,WR,1,BAL
Tylan Wallace,WR,4,BAL
Anthony Miller,WR,7,BAL
Malik Cunningham,WR,10,BAL
Rashod Bateman,WR,2,BAL
Devontez Walker,WR,5,BAL
Keith Kirkwood,WR,8,BAL
Jahmal Banks,WR,11,BAL
DeAndre Hopkins,WR,3,BAL
LaJohntay Wester,WR,6,BAL
Dayton Wade,WR,9,BAL
Xavier Guillory,WR,12,BAL
Ronnie Stanley,LT,1,BAL
Joe Noteboom,LT,2,BAL
Gerad Lichtenhan,LT,3,BAL
Andrew Vorhees,LG,1,BAL
Ben Cleveland,LG,2,BAL
Reid Holskey,LG,3,BAL
Jared Penning,LG,4,BAL
Tyler Linderbaum,C,1,BAL
Nick Samac,C,2,BAL
Corey Bullock,C,3,BAL
Daniel Faalele,RG,1,BAL
Darrian Dalcourt,RG,2,BAL
Garrett Dellinger,RG,3,BAL
Emery Jones Jr.,RG,4,BAL
Roger Rosengarten,RT,1,BAL
Carson Vinson,RT,2,BAL
Lamar Jackson,QB,1,BAL
Cooper Rush,QB,2,BAL
Devin Leary,QB,3,BAL
Mark Andrews,TE,1,BAL
Isaiah Likely,TE,2,BAL
Charlie Kolar,TE,3,BAL
Zaire Mitchell-Paden,TE,4,BAL
Scotty Washington,TE,5,BAL
Baylor Cupp,TE,6,BAL
Derrick Henry,RB,1,BAL
Justice Hill,RB,2,BAL
Keaton Mitchell,RB,3,BAL
Rasheen Ali,RB,4,BAL
D'Ernest Johnson,RB,5,BAL
Marcus Major,RB,6,BAL
Patrick Ricard,FB,1,BAL
Lucas Scott,FB,2,BAL
Nico Collins,WR,1,HOU
Tank Dell,WR,4,HOU
Xavier Hutchinson,WR,7,HOU
Quintez Cephus,WR,10,HOU
Christian Kirk,WR,2,HOU
Jaylin Noel,WR,5,HOU
John Metchie III,WR,8,HOU
Xavier Johnson,WR,11,HOU
Jayden Higgins,WR,3,HOU
Justin Watson,WR,6,HOU
Braxton Berrios,WR,9,HOU
Daniel Jackson,WR,12,HOU
Cam Robinson,LT,1,HOU
Zach Thomas,LT,2,HOU
Austin Deculus,LT,3,HOU
Laken Tomlinson,LG,1,HOU
Juice Scruggs,LG,2,HOU
LaDarius Henderson,LG,3,HOU
Jarrett Patterson,C,1,HOU
Jake Andrews,C,2,HOU
Eli Cox,C,3,HOU
Tytus Howard,RG,1,HOU
Ed Ingram,RG,2,HOU
Jaylon Thomas,RG,3,HOU
Aireontae Ersery,RT,1,HOU
Blake Fisher,RT,2,HOU
Trent Brown,RT,3,HOU
C.J. Stroud,QB,1,HOU
Davis Mills,QB,2,HOU
Graham Mertz,QB,3,HOU
Kedon Slovis,QB,4,HOU
Dalton Schultz,TE,1,HOU
Cade Stover,TE,2,HOU
Brevin Jordan,TE,3,HOU
Irv Smith Jr.,TE,4,HOU
Luke Lachey,TE,5,HOU
Dalton Keene,TE,6,HOU
Joe Mixon,RB,1,HOU
Nick Chubb,RB,2,HOU
Dameon Pierce,RB,3,HOU
Dare Ogunbowale,RB,4,HOU
Woody Marks,RB,5,HOU
Jawhar Jordan,RB,6,HOU
J.J. Taylor,RB,7,HOU
British Brooks,RB,8,HOU
Jakob Johnson,FB,1,HOU
